round, loss_no_selection, loss_union, loss_intersection, accuracy_no_selection, accuracy_union, accuracy_intersection, precision_no_selection, precision_union, precision_intersection, recall_no_selection, recall_union, recall_intersection, f1_no_selection, f1_union, f1_intersection
0, 2.399940013885498, 2.3979651927948, 2.399850606918335, 0.09253133074155459, 0.022408422476034095, 0.0004346461256127303, 0.0, 0.0, 0.0, 0.0, 0.0, 0.0, 0.0, 0.0, 0.0, 
1, 2.399940013885498, 2.3979651927948, 2.399850368499756, 0.09253133074155459, 0.022408422476034095, 0.0004346461256127303, 0.0, 0.0, 0.0, 0.0, 0.0, 0.0, 0.0, 0.0, 0.0, 
2, 2.399940013885498, 2.3979651927948, 2.399850606918335, 0.09253133074155459, 0.022408422476034095, 0.0004346461256127303, 0.0, 0.0, 0.0, 0.0, 0.0, 0.0, 0.0, 0.0, 0.0, 
