round, loss_no_selection, loss_union, loss_intersection, accuracy_no_selection, accuracy_union, accuracy_intersection, precision_no_selection, precision_union, precision_intersection, recall_no_selection, recall_union, recall_intersection, f1_no_selection, f1_union, f1_intersection
0, 2.400158643722534, 2.3884146213531494, 2.400244951248169, 0.03715620698814382, 0.19079757564049937, 0.025680341921618815, 0.0, 0.0, 0.0, 0.0, 0.0, 0.0, 0.0, 0.0, 0.0, 
1, 2.400158643722534, 2.3884146213531494, 2.400244951248169, 0.03715620698814382, 0.19079757564049937, 0.025680341921618815, 0.0, 0.0, 0.0, 0.0, 0.0, 0.0, 0.0, 0.0, 0.0, 
2, 2.400158643722534, 2.3884146213531494, 2.400244951248169, 0.03715620698814382, 0.19079757564049937, 0.025680341921618815, 0.0, 0.0, 0.0, 0.0, 0.0, 0.0, 0.0, 0.0, 0.0, 
