round, loss_no_selection, loss_truflaas, loss_trustfed, accuracy_no_selection, accuracy_truflaas, accuracy_trustfed, precision_no_selection, precision_truflaas, precision_trustfed, recall_no_selection, recall_truflaas, recall_trustfed, f1_no_selection, f1_truflaas, f1_trustfed
0, 2.2983558177948, 2.309051752090454, 2.3225035667419434, 0.31857749981889744, 0.4575676719870572, 0.4803262260642793, 0.0, 0.0, 0.0, 0.0, 0.0, 0.0, 0.0, 0.0, 0.0, 
1, 2.2304255962371826, 2.252481698989868, 2.2533817291259766, 0.582818197184459, 0.5137094632120349, 0.46953855069664113, 0.0, 0.0, 1.0, 0.0, 0.0, 0.009405259042978287, 0.0, 0.0, 0.01863524690270424, 
2, 2.186617612838745, 2.2124836444854736, 2.209989547729492, 0.6220993407867095, 0.6134728225436458, 0.5535761717335136, 0.9263803958892822, 1.0, 1.0, 0.0009115494904108346, 0.0100934486836195, 0.026797141879796982, 0.0018213066505268216, 0.019985174760222435, 0.052195582538843155, 
3, 2.148928165435791, 2.180183172225952, 2.1682000160217285, 0.6322954144833748, 0.6215922536401614, 0.6969248786612899, 0.8952115774154663, 0.9163516759872437, 0.9291147589683533, 0.0718916729092598, 0.055616594851017, 0.1504177451133728, 0.1330948919057846, 0.1048683449625969, 0.25891825556755066, 
4, 2.129478931427002, 2.1538166999816895, 2.1348073482513428, 0.6955847197739841, 0.6567744428078139, 0.7013196339313742, 0.9502457976341248, 0.9997971057891846, 0.9544118046760559, 0.07701687514781952, 0.08925337344408035, 0.1509006768465042, 0.1424853652715683, 0.16387715935707092, 0.26059848070144653, 
