round, loss_no_selection, loss_union, loss_intersection, accuracy_no_selection, accuracy_union, accuracy_intersection, precision_no_selection, precision_union, precision_intersection, recall_no_selection, recall_union, recall_intersection, f1_no_selection, f1_union, f1_intersection
0, 2.3964009284973145, 2.4052212238311768, 2.3976223468780518, 0.09041243087919253, 0.11708883683867384, 0.03787458044575375, 0.0, 0.0, 0.0, 0.0, 0.0, 0.0, 0.0, 0.0, 0.0, 
1, 2.3964009284973145, 2.4052212238311768, 2.3976223468780518, 0.09041243087919253, 0.11708883683867384, 0.03787458044575375, 0.0, 0.0, 0.0, 0.0, 0.0, 0.0, 0.0, 0.0, 0.0, 
2, 2.3964009284973145, 2.4052212238311768, 2.3976223468780518, 0.09041243087919253, 0.11708883683867384, 0.03787458044575375, 0.0, 0.0, 0.0, 0.0, 0.0, 0.0, 0.0, 0.0, 0.0, 
